extn_id,status_code
nmmhkkegccagdldgiimedpiccmgmieda,404
pjkljhegncpnkpknbcohdijeoejaedia,200
apdfllckaahabafndbhieahigkjlhalf,200
aapocclcgogkmnckokdopfmhonfmgoek,200
aohghmighlieiainnegkcijnfilokake,200
blpcfgokakmgnkcojhhkbfbldkacnbeo,200
ghbmnnjooekpmoecnnnilnnbdlolhkhi,200
pkedcjkdefgpdelpbcmbmeomcjbeemfm,404
hlphpjodcfdblfmbbdjodbfmlonmidfh,200
pbkekklikhjpmmnechnencadnoedbchf,200
eelojgpfkmhiikmhkineneemcahoehjo,200
felcaaldnbdncclmgdcncolpebgiejap,200
fdpohaocaechififmbbbbbknoalclacl,200
aghfnjkcakhmadgdomlmlhhaocbkloab,200
hdokiejnpimakedhajhdlcegeplioahd,200
mbclaggcfknjpjmdbgpdahdoodbjoceh,200
jedheaebdffklhgodepimamapjcjhgfl,200
jlhmfgmfgeifomenelglieieghnjghma,200
gmbmikajjgmnabiglmofipeabaddhgne,200
lbfehkoinhhcknnbdgnnmjhiladcgbol,200
cdgpdmhkjniimkgnhelgogagpocggbeo,404
mclkkofklkfljcocdinagocijmpgbhab,200
efaidnbmnnnibpcajpcglclefindmkaj,200
fiombgjlkfpdpkbhfioofeeinbehmajg,200
jpjblijdebdeagijlicphlikdgmomgnk,200
kdadialhpiikehpdeejjeiikopddkjem,200
ajjmenfgmbpceneffopmikhahnkeebje,200
agoenciogemlojlhccbcpcfflicgnaak,200
boeajhmfdjldchidhphikilcgdacljfm,404
icdipabjmbhpdkjaihfjoikhjjeneebd,200
egekhjenodlmckpgpkkdpfnodobbgnkf,404
ifhnjalcekbmmeknpgnkpghldbbhanen,404
gcjpefhffmcgplgklffgbebganmhffje,200
jclipofobaadknkadkpgggmjkebddjam,404
hkifncilkifgngmpmnmokphicplifhnn,404
iflpcokdamgefbghpdipcibmhlkdopop,404
gcknipbpempcbnncdekkeimmpjggfaem,200
kbfnbcaeplbcioakkpcpgfkobkghlhen,200
ifbdadgbpalmagalacllfaflfakmfkac,200
laookkfknpbbblfpciffpaejjkokdgca,200
dcalbkcgkcfnogjpdjpekpkmebpelacl,404
ppjpbfndmahggjdgblhidgamlepoegif,404
aapbdbdomjkkjkaonfhkkikfgjllcleb,200
fbcohnmimjicjdomonkcbcpbpnhggkip,200
hgeljhfekpckiiplhkigfehkdpldcggm,404
djlgdeklopcjagknhlchbdjekgpgenad,200
gkojfkhlekighikafcpjkiklfbnlmeio,200
gighmmpiobklfepjocnamgkkbiglidom,200
hehijbfgiekmjfkfjpbkbammjbdenadd,200
oooiobdokpcfdlahlmcddobejikcmkfo,200
dmgnkfgleaamgbhhojkfijjmjmngokkb,200
goeclnlkhfoejbhdebemhjljlmcbhfkp,200
hfhhnacclhffhdffklopdkcgdhifgngh,200
nhcknfplofcnpdjalbhnjognbpncojbi,200
gbchcmhmhahfdphkhkmpfmihenigjmpp,200
mnhkaebcjjhencmpkapnbdaogjamfbcj,404
emnphkkblegpebimobpbekeedfgemhof,200
chlffgpmiacpedhhbkiomidkjlcfhogd,200
hbdpomandigafcibbmofojjchbcdagbl,200
gnbhgamgannegfcmholgllkakldhajeg,200
ifooldnmmcmlbdennkpdnlnbgbmfalko,200
dlknooajieciikpedpldejhhijacnbda,200
ejnkaeblpdcamcioiiabclakabcbjmbl,200
lneaknkopdijkpnocmklfnjbeapigfbh,404
fkepacicchenbjecpbpbclokcabebhah,200
mihcahmgecmbnbcchbopgniflfhgnkff,200
beobeededemalmllhkmnkinmfembdimh,200
lkgfemnodkdnenmfkblebnkjpckkjcae,200
pficdecjkdlnacnnbkociacmdbpmhdoc,200
fgkeilefmpmbamgcejhjpiecahcbipip,404
fnpbeacklnhmkkilekogeiekaglbmmka,200
fcgckldmmjdbpdejkclmfnnnehhocbfp,200
komhbcfkdcgmcdoenjcjheifdiabikfi,200
kdfieneakcjfaiglcfcgkidlkmlijjnh,200
eogpedgkejfmehnklhahflpmplhiceal,200
pfpeapihoiogbcmdmnibeplnikfnhoge,200
dlmebkoiahbppacaicbgncnjhbpdfkcc,200
fkdmcfnoimoilncpjchamnenebopocem,200
kodigjkcpaoeodlnmcnekemakpnmegnk,200
pjgoijhajhaahklokegbfnohialajpej,200
fgkboeogiiklpklnjgdiaghaiehcknjo,200
hgngncnljacgakaiifjcgdnknaglfipo,200
onhiacboedfinnofagfgoaanfedhmfab,200
nmladpigjlinmngadjgfogblnmddndcp,200
bihmplhobchoageeokmgbdihknkjbknd,404
eppjkefeiehhflmgkhdooajgbkkegpcl,200
gdcelkbnekfaikpbcgmaijnmclkceoeh,200
pioclpoplcdbaefihamjohnefbikjilc,200
jgpocibfamiaabfcecbphfjepfgcffmg,200
noaijdpnepcgjemiklgfkcfbkokogabh,200
bmnlcjabgnpnenekpadlanbbkooimhnj,200
neebplgakaahbhdphmkckjjcegoiijjo,200
agoljmemkbciolpigpabjfkagboolkcj,200
pncabnpcffmalkkjpajodfhijclecjno,200
knipolnnllmklapflnccelgolnpehhpl,200
kanbnempkjnhadplbfgdaagijdbdbjeb,200
hipbfijinpcgfogaopmgehiegacbhmob,200
gcgikpombjkodabhbdalkcdhmllafipp,200
ocaebkdojpikfmhmnekiflipcicedobi,200
dpncpimghfponcpjkgihfikppbbhchil,200
djflhoibgkdhkhhcedjiklpkjnoahfmg,200
ahgdclgdhfeingghldkedleghekbfhef,200
efbjojhplkelaegfbieplglfidafgoka,200
mbniclmhobmnbdlbpiphghaielnnpgdp,200
cppjkneekbjaeellbfkmgnhonkkjfpdn,200
niloccemoadcdkdjlinkgdfekeahmflj,200
dhdgffkkebhmkfjojejmpbldmpobfkfo,200
jdhpjomiingppeefgnohkiapmnaeakoj,200
gcbommkclmclpchllfjekcdonpmejbdp,200
fhbjgbiflinjbdggehcddcbncdddomop,200
lpcaedmchfhocbbapmcbpinfpgnhiddi,200
fmfiejlelblhoaflnjajjjjkkgbeifpn,200
nlbejmccbhkncgokjcmghpfloaajcffj,200
pbjikboenpfhbbejgkoklgkhjpfogcam,200
nnnmhgkokpalnmbeighfomegjfkklkle,200
kajibbejlbohfaggdiogboambcijhkke,200
fjcdjmmkgnkgihjnlbgcdamkadlkbmam,404
cpaibbcbodhimfnjnakiidgbpiehfgci,200
onlkggianjhjenigcpigpjehhpplldkc,200
cmedhionkhpnakcndndgjdbohmhepckk,200
poghlonenmjdkfghdpfomojhhfggildk,200
bigefpfhnfcobdlfbedofhhaibnlghod,200
eeoamaomfacmjfahcafjbflffklcfihk,200
ipebkipbeggmmkjjljenoblnfaenambp,200
blmfdjjomajmejdkdbcabhgfonkhfaam,200
gjckpigahcbffmeofjfedlffddhfidhj,200
fljalecfjciodhpcledpamjachpmelml,200
aicmkgpgakddgnaphhhpliifpcfhicfo,200
lgdngcfmcehppebgjdkhjgpbdjgipjpb,404
namdmphodpedmfkkgnjomhjhfcklkhnn,200
nodkcjollmmjidmcnhloaoahmciabnai,200
dkdmjaboldkklmcomdamidplnfpnmmmd,200
lifbcibllhkdhoafpjfnlhfpfgnpldfl,200
aggiiclaiamajehmlfpkjmlbadmkledi,200
ojcflmmmcfpacggndoaaflkmcoblhnbh,200
hmjkmjkepdijhoojdojkdfohbdgmmhki,200
fljipcgeenffdcglannkpppedokbpgjl,200
odoekjadkpplgjhcnhbmfafpaigebgbg,200
chnacmlpiecdhgkdgeoipkmdbekengck,200
ekamneaohnpkfjaffmimdhgbpdablhbn,200
hifkhemmballblekkmkdopifdbhbpbbl,404
cljbkkbkcegehdhjkjllbgnkoijmphmf,200
macmgoeeggnlnmpiojbcniblabkdjphe,200
klmekdhoddpplkhmabbgiafncmemohig,404
kchfmpdcejfkipopnolndinkeoipnoia,200
obdbgnebcljmgkoljcdddaopadkifnpm,200
ibokieldaedafeobljabgoccppilebki,200
pdlkdjkniakkdcefhpcnmengcnpbiick,200
kkdejhcahmppjoakalgdnnjpnmjlahhi,200
kjmgahnjokepagiefdojcgcdhhklndag,200
cgklehghnakjaiefdmpnccneaaeplgah,404
ihodjdheoimapkojkdmfdanihnhobhac,404
fhhianbiiiejmjllobmagmgcinkocnik,404
lejoknkbcogjceoniealiipllomkpioe,200
fknmcobjbmeegkgopkkgbhfjfkhlcdeo,404
lgbpnphgnepniglilgmfoommbalaineo,404
aabcgdmkeabbnleenpncegpcngjpnjkc,200
oclmnpdpobfjinhnjnfbagdgnjibjbno,404
kdmkmkpgecbbnokijgcaacedldjapegj,404
mjoklplbddabcmpepnokjaffbmgbkkgg,404
blnbhbmmdahglkddjfokghmkhankfomb,404
hgdahcpipmgehmaaankiglanlgljlakj,200
nofcjfkakkgibdgpooemclggfjankajf,404
hnfhhmolenhcclpjeopamoehnolaimbj,404
ijkjadooocoknabjfbcficcibfejdngd,404
cgbeihidkikgdcoogkeoeconphggdhop,200
mhabljlfbdaeemkaefdponpnafglppnk,404
nglnlioojamhaneiigkmjhpgemlofnnl,404
ohghonlafcimfigiajnmhdklcbjlbfda,404
oenflkaginglceikgghllljegcgdgibb,404
niocanjnlfhnkepaimeglnkcceipoogb,404
hpmgkkhdiinhabnmpnkjdoojajhlokoi,404
immakaidhkcddagdjmedphlnamlcdcbg,200
opnbmdkdflhjiclaoiiifmheknpccalb,200
pjnemloodeclpmpillmdehpikhnkbbli,404
camlfpimmilgadodfaemlcmdcifpmjmb,404
pgjchkcfmigkkhedgjedmffdepgmpfil,200
mpmklibbcpepodnebjibhbganidmbiba,404
lpaijljpojmknnckgkeheikmppcdgeae,404
ljfidlkcmdmmibngdfikhffffdmphjae,200
ecmpbecbfpbidcmfkkjhkgaojefbmlam,404
olbcedhbclephkelaaccbidolhkoekio,404
ojhbjoabdaeklegaklhdecngipkcalnh,404
mogekccmgpcgccfneljeaedpckmijpci,404
ljdgplocfnmnofbhpkjclbefmjoikgke,200
haebnnbpedcbhciplfhjjkbafijpncjl,200
depipmkjaddlmmenohipeglaifhifpen,404
aahmjdadniahaicebomlagekkcnlcila,200
kpbfcfaebggabdihbpdjhbglhohlbchn,404
kjgihiepneadnknmckjlgpodbpgcnjjg,404
cjpalhdlnbpafiamejdnhcphjbkeiagm,200
pgdnlhfefecpicbbihgmbmffkjpaplco,200
jlffjdcmfekclompbnlmncjnoobfhapi,404
glefnblapnbcoegkibgapgkcmflapflg,404
mafbdhjdkjnoafhfelkjpchpaepjknad,200
bdkpinfdldjdngmgfbifbdbgaoampkan,200
jggnklnmaecfofafepejcjcjkcohgcfb,200
mcjjnhgakghmggnimjkldjmmpabhnhne,200
nkbihfbeogaeaoehlefnkodbefgpgknn,200
cfhdojbkjhnklbpkdaibdccddilifddb,200
kaebhgioafceeldhgjmendlfhbfjefmo,200
pdknmigbbbhmllnmgdfalmedcmcefdfn,200
chphlpgkkbolifaimnlloiipkdnihall,200
cplklnmnlbnpmjogncfgfijoopmnlemp,200
adhocdiccajfkmnpbkpogmkponpcpdop,200
coobgpohoikkiipiblmjeljniedjpjpf,404
nckgahadagoaajjgafhacjanaoiihapd,200
ldmiahjidflgnbiadknkmaimfpjkelng,200
ejidjjhkpiempkbhmpbfngldlkglhimk,404
bepbmhgboaologfdajaanbcjmnhjmhfn,404
bjhodfififgcgedifpkenofdhlaafokk,200
jhhclmfgfllimlhabjkgkeebkbiadflb,200
enhpebdanojkmhbbneclbkmpleemilaj,200
ofhbbkphhbklhfoeikjpcbhemlocgigb,200
bkdgflcldnnnapblkhphbgpggdiikppg,200
mjcnijlhddpbdemagnpefmlkjdagkogk,200
ijkmjnaahlnmdjjlbhbjbhlnmadmmlgg,200
ailcmbgekjpnablpdkmaaccecekgdhlh,200
ghnomdcacenbmilgjigehppbamfndblo,200
iaddkimmopgchbbnmfmdcophmlnghkim,200
cgfnoppknnnoifoobppgpobidighdiah,200
inomeogfingihgjfjlpeplalcfajhgai,200
mciiogijehkdemklbdcbfkefimifhecn,404
ncmjhecbjeaamljdfahankockkkdmedg,404
bbmigpjhdoghhhmecocklaokmmamgobo,200
mkfbmdekphdknccdlbhlkbifdbdioekd,200
mdnleldcmiljblolnjhpnblkcekpdkpa,200
mooikfkahbdckldjjndioackbalphokd,200
jajcoljhdglkjpfefjkgiohbhnkkmipm,200
lkbhppfbabandkdmgjmifahoabeodiep,200
kkdpmhnladdopljabkgpacgpliggeeaf,200
beimhnaefocolcplfimocfiaiefpkgbf,200
mgkjffcdjblaipglnmhanakilfbniihj,404
aciahcmjmecflokailenpkdchphgkefd,200
ibmlkgieigeddcedpbijnpojheoddido,200
igiofjhpmpihnifddepnpngfjhkfenbp,200
aeolcjbaammbkgaiagooljfdepnjmkfd,404
mcdpnidfhfjfbafmpppcplcejgepadbo,200
knkapnclbofjjgicpkfoagdjohlfjhpd,200
icmaknaampgiegkcjlimdiidlhopknpk,200
cgbhdenfmgbagncdmgbholejjpmmiank,404
piicimoiaiblachamdicgngccadhlecl,200
lgblnfidahcdcjddiepkckcfdhpknnjh,200
okgjbfikepgflmlelgfgecmgjnmnmnnb,200
gomekmidlodglbbmalcneegieacbdmki,200
cknebhggccemgcnbidipinkifmmegdel,200
bfbameneiokkgbdmiekhjnmfkcnldhhm,200
inlikjemeeknofckkjolnjbpehgadgge,200
cmkdbmfndkfgebldhnkbfhlneefdaaip,200
djgfmlohefpomchfabngccpbaflcahjf,200
mmedphfiemffkinodeemalghecnicmnh,200
jnhgnonknehpejjnehehllkliplmbmhn,200
cindmhdfkimaeggbebfjkmkdfiohldbm,200
gkjmndjkeieeacmhpbfacalahgpknkkb,200
bnilfhgoncpjoccagknfhhepbocjpmkm,200
gemgfpodpjapjhfohdlibagceiknakpa,200
aphpehifalilbdaldpjgmenmhompladk,404
ooldeahngpficdhhejgmikppfioifddm,404
gdaeohpmcenmffofpikllphdhlkkocfa,200
bdehgigffdnkjpaindemkaniebfaepjm,200
hgldnfcgkicofhomfdimeaifkmfioicm,200
plfblbfhlabmoeeapniingkgbpaakicf,404
hcoffgicdhbbbpdopfhaemdbdglnkcok,200
fommcoadihdegfpcaajkbdokhnkpnhkl,404
dkgjopcolgcafhnicdahjemapkniikeh,200
mbpccgpiidnajgnapidpjmcjakjhkbom,200
faieahckjkcpljkaedbjidlhhcigddal,200
lfeponenpeeefdlancldjldhidjekpdd,200
onimolfnbjjikjiialpfahffkjjgdgkh,200
liobflkelkokkacdemhmgkbpefgaekkm,200
jkompbllimaoekaogchhkmkdogpkhojg,200
kkmmbhidlbgoihganelknnokpmcnjffl,200
pejnhjofpploocphibdfmkhbeoecohal,200
fpjkcacljhhmadlhmopbelikokjfepeo,200
pgmhdnojbifpgdkbhdlegccjffahjoce,200
kboeaaibapmekfoncghackichkpfhdoh,200
cmhaijgncfpbbhfnieobpbadekcpjpol,200
acgpmpeiajkkhhkdobngkmjddibfdlfo,200
ahclfnpmodphlaiidnpjlkndabpnihea,200
lofbbfcpljahnhgncgommcbkckdbjdof,200
dimnlaemmkbhojonandnnbogfifjnpno,200
kpiecbcckbofpmkkkdibbllpinceiihk,200
bhmmomiinigofkjcapegjjndpbikblnp,200
bfbmjmiodbnnpllbbbfblcplfjjepjdn,200
meefjekipolcgabfgaclcpdkbghhmoah,200
dapjbgnjinbpoindlpdmhochffioedbn,200
anbfhidldjknonaihbalghlebaijealk,200
dipiagiiohfljcicegpgffpbnjmgjcnf,200
djcfdncoelnlbldjfhinnjlhdjlikmph,200
nleicpedejmdnemjnnioknjignjimake,404
lddagfjihimnacaabfnfagjcokfmnekc,404
oiaejidbmkiecgbjeifoejpgmdaleoha,200
hjjofhgnhekhkccpcnnloagmdpafifeo,200
hbapdpeemoojbophdfndmlgdhppljgmp,200
ihmkhhipkhdggfjkclojpabkinmaphfg,200
hmanipjnbjnhoicdnooapcnfonebefel,200
jliednjgoljbdkbmbbafkdaheckejdjo,404
kaimfhiiegblglllpkcpoegelgefonef,200
ldgiafaliifpknmgofiifianlnbgflgj,200
eeocglpgjdpaefaedpblffpeebgmgddk,200
mpabchoaimgbdbbjjieoaeiibojelbhm,200
mpdajninpobndbfcldcmbpnnbhibjmch,200
cmhmcmgkegfffbbfobhjpdbimgmoohap,200
iogidnfllpdhagebkblkgbfijkbkjdmm,200
ilaceajoigcbhpkehomfeglgjfdihibd,200
kfokdmfpdnokpmpbjhjbcabgligoelgp,200
elicpjhcidhpjomhibiffojpinpmmpil,200
badihjajmminomnpdfbomdefkkbdooep,404
ehohdghibhkpgljpjkjcbbpcomkahfkn,200
mfecfgangbaamlkdcebkbngncpabddea,200
oknjjcilgfdkapdolikednocmeipjiem,200
gljclgacfalmnebgmhknodlplmngmfpi,200
oahfdmfkjolpipiffmcnipnpjilkjnmd,200
eaioklnediabjadnkdkjkkegnompiiio,404
dhcbjomfajlnldboplncbdhmdaagcpln,200
cbcfbhpnngegochhbdlanodnmijfplal,200
ojldfpglenpceffckkjhajofdbpkfgmn,200
dlppkpafhbajpcmmoheippocdidnckmm,404
dimbohlgicfjfehdempmibdbboppdhal,200
gdebnehfojpoccpaocfbelbclfnpbmij,200
kfhkficiiapojlgcnbkgacfjmpffgoki,200
dogokncmphmgdjbblhgofdpkggcfgoai,404
blakpkgjpemejpbmfiglncklihnhjkij,200
feajdjcbedbfbcjjafcgaekaaopgkadg,200
apfkepiiddolifkgjmfdgpnipgnfejab,200
hpahaceigpcebiefmijneimenbgbcjcn,200
epgndihjbcepnbadocaoofjnfaophlio,200
bomhoanbpkeifgklbpebekfgblgficjn,200
kdmmkfaghgcicheaimnpffeeekheafkb,404
ngpampappnmepgilojfohadhhmbhlaek,200
aokjakdncnbbfhhammcdkbblmcglpobn,404
pimledmihnaebhpfcpkaglecohblhoip,404
ckblfoghkjhaclegefojbgllenffajdc,200
bdfnieppndfdhcgbmhfdlgdjegclkomk,404
dmgkiikdlhmpikkhpiplldicbnicmboc,200
iejponamigpndjgdmnpelkohnbpancjf,404
clhhggbfdinjmjhajaheehoeibfljjno,200
hicmdbckjafmndeclhgnkokigkedpenm,404
bgkodfmeijboinjdegggmkbkjfiagaan,200
pfiekkcjcnhbjofcjcfblhcccjkpkheh,404
nfagjoblnoeagfhfhohcdklnddjaiglo,200
bagknoiagpifjfbempgignagkejmkljm,200
pgklhijnolfgjnoijbdbbeejheipkinn,404
dpagcfbbmlebfnkeogkigellbgmfkjfg,200
icppfcnhkcmnfdhfhphakoifcfokfdhg,200
naafclapjghcgkgjdfpknhldbhafpnpg,200
lhlflcpjmbmnhfehipheboagibdjgmog,404
heafkbodmcooembdkjoklfenoiiehdpi,404
poknhlcknimnnbfcombaooklofipaibk,200
hhajejfkogjnnkenablkhgkdmmenbjgh,200
dinfmiceliiomokeofbocegmacmagjhe,200
fadfgobhjoibmjilddjdkeppljcmpbii,200
fkkaebihfmbofclegkcfkkemepfehibg,200
noohoboklgjeccnihfkbdakbchbhjlch,404
dadgddaepklpemjojmnhgdjmmkmefihe,200
pmcdjmebmeoobmdghjbjhbifoocbcmaj,200
kmgohkgndpahjklgpdihieeedjeneoke,200
kfgihhbepjpccikinkhdodcpffhnoggo,404
pbalkogcfbpplioohgihkidalmomblfc,200
bjdlhadkeldclmigpdhbcocfkilbhcbi,404
cohkjfondhjjfehnehlpmjpljpihfhfc,200
mmbbkpclbfmdacknjehonbfcilcfnkmb,404
dcilimldmomiaihcfkmaldanopfejefg,200
ahbpokpfohopgmmdcgmgbhffofmepgoi,200
hncfgilfeieogcpghjnnhddghgdjbekl,200
pfjbakaelkkenbenekldmehijlbpjjea,200
dcdlnbbnjknldpikkllanljjbnegnnei,200
bklpijijfkjnjadcmeejacpbaafkgpgj,200
eceoimpjbncjmhghmhfpmbkkkgkkchen,200
nnegeanhnmanjlnhaaeilhakejmplpok,200
licccgnfdlgmmmgaddmbcepikfadcmpe,200
fldkdmkgnlbehfgeifjpjabmandnchpe,200
gocaejggjgdmkhmbinicknpbhagkblop,200
jknmpnbgkaekopldbncmggaejjamkemn,404
cchmgbohodfaoncmlmnmgjcgnjohilcl,200
kpemkngoajegcbamebdmnkjoalpofpbj,200
fdcgdnkidjaadafnichfpabhfomcebme,200
apkdfigphkbgdcpfkfmhdldlidpaeamf,404
oehpjpccmlcalbenfhnacjeocbjdonic,404
odecbmmehabeloobkgokmfgldaegiflc,200
khhckppjhonfmcpegdjdibmngahahhck,404
ggckablhhmjagmokplgnbamljajnhanm,404
oficbemndigeiiennldcdfcklocpkggd,200
pgjjikdiikihdfpoppgaidccahalehjh,200
ohbmencljkleiedahijfkagnmmhbilgp,200
padekgcemlokbadohgkifijomclgjgif,200
pofekaindcmmojfnfgbpklepkjfilcep,404
ooonkoejkmhiacbhhkdgfeemioceapbh,404
hpbohmeoofibpbiiklpofdfehodejbmk,200
dpdmhfocilnekecfjgimjdeckachfbec,200
mallpejgeafdahhflmliiahjdpgbegpk,200
clgddkicplcbgjfobecebadodeggpghp,200
eaopblpjlkbgaadjbahmafepfegaigfb,200
cgbogdmdefihhljhfeiklfiedefalcde,404
lmiegoigendlbmjjllhjmkjenjechmhg,404
cdoinklelehcpndgmcddkkdhibpoglnk,200
omghfjlpggmjjaagoclmmobgdodcjboh,200
caplfhpahpkhhckglldpmdmjclabckhc,200
eignhdfgaldabilaaegmdfbajngjmoke,200
bojgejgifofondahckoaahkilneffhmf,404
cnaibnehbbinoohhjafknihmlopdhhip,200
gkgpbgnjclnnofnecabolhjkflldijij,200
cocdiblefidhknchklabbojfoebldcig,404
ndnaehgpjlnokgebbaldlmgkapkpjkkb,200
eclfcmjimeibidjckfnkpgbgijchepff,200
llmmonkklndknpcimbopnjmclfdhfapf,200
kjbhediokgjjlfchmgniengocaecdcnm,200
afkpkaagbcebgebfcangeibbcjangpgd,200
ndjpnladcallmjemlbaebfadecfhkepb,200
ifpcboobnoleeekpcpdcciplghmpdkoi,200
gjknjjomckknofjidppipffbpoekiipm,200
dafiggkhlbbhfcpgggcfeeoliillkabn,200
eplcahjcmknlhelgcoehdpkjfkpncgnb,200
ikmfjgddabnbkckaihnjboeimnmlpkom,200
amocngogdppaaibffelagggbgopgfmec,200
gchhimlnjdafdlkojbffdkogjhhkdepf,200
lajdkhdcndkniopfefocbgbkofflagpm,200
jbgibbcljlbkkeaogjofolcbakcokmie,200
mlbjackfgfafcnpfaanflcjoknkhofnh,404
ckiahbcmlmkpfiijecbpflfahoimklke,200
bbohlinegjlacogbjchanihbiiboabcp,200
kibjffjfmagcmicpmogpieelngkcfggn,200
ifcmmillpinnjflghaigpbmnjhpalnio,404
lpahkpfgkdogdhgpjeinngdfafolooff,404
cknkgdkcclihinihkjeeokldphhgihen,404
pmlmkhjdhmfmpjnhekgeaonkiihghnok,404
hkgkhdgankciognkcedphfmidfhdgmpk,404
foaiodplaafdaieibeeijeoehjcjjnpa,200
oghhbjccelcdegjpkbffebgpiloebkjo,200
opdbaaklfgojcgnkhkdccmamlhhhkhfi,200
cihcngmbkclaobpdajpjigdaimhfpeme,200
enicbgedflhjbjgcncglemdpjgmolcdb,200
kdmbckedabpbgjagmkgcejooabcdnone,404
mfamggonlkdngooelndgekmjjkkofbba,404
dnimhgelcnggigekhdjlifjpndgmnglm,200
cihaednhfbocfdiflmpccekcmjepcnmb,200
ikknnkomiokeodcdkknnhgjmncfiefmn,404
nhpfgmjcpbdcbmhjbhogflbbmdbomfmb,200
ihpiinojhnfhpdmmacgmpoonphhimkaj,200
jcecjlbneginpknnnfkfijdfhaedihll,200
cjjiafgjjkoonchbncbebpghoojakbgm,200
mcbkbpnkkkipelfledbfocopglifcfmi,404
lfgegdofhghiobhllaniipmplkbligpi,200
idmedoihlecdfdioeghnbcbdgifbohij,200
jfnniehafojoidolddmhfnpnbiolbppi,200
pmnbmfmpehpncbfjfpnfailicicocaap,404
gkjgmeeoldebbdoehhngapnlfmdbmiie,200
pcmaninppdeakmhaonacejmfcgeempfo,404
bfhmecnhdehblbnadegfpbmmbbobkjff,200
cdgadiikjdgddgfhacgjbacflhoimogn,200
bgjkhidjaocnkjchjfpgbfdegeiljcdn,200
kgifkabikplflflabkllnpidlbjjpgbp,200
plpdjbappofmfbgdmhoaabefbobddchk,200
cohmkcfhincjlpijlammepdbdfbfjdnp,200
lldjcjhhmnipmkghmjaebikfolffblpg,200
djjkifoefibfoodilnhkmbhmadbgacni,200
dhkemmehlndncfkilljmpeacciajkfag,200
mkjcjbkackpifmmpmhjfojjindefnffk,200
lnhafpappkfaoibaimdblonlcmclladf,200
fkkgaomifpmmikhigldibldaleglnpme,200
pcmflkpndcnejbncamelbpelkmnphfme,200
mpoakikepagdiphlmfaeifpojdmbnegj,200
pachckjkecffpdphbpmfolblodfkgbhl,200
llaegbflmcclmiejcomepalhjllojond,404
cdjhlfaecjoieepcoehkokhihpbbppnh,200
mpmikmnnnoacchojfpdgfdgpkfgajhim,404
hpbjopfokekaencoephlgdbnljhcflhm,404
kbhfoiaobflocffnclkigpkeoagheimn,404
ggnbmkeocaahgalopiggecjodlejgfpg,200
lbhkibbnhbkppaidinikfepgfhegmoak,200
leemdjfkjaljkbjefeonelcjejephial,200
iamifmhbkeeccbjkaenolpghohlpnioi,404
klbibkeccnjlkjkiokjodocebajanakg,200
angbhbjbplfpkbcijbkhecjfcfgjbjoc,200
mpkhmmacbjndakceaikggpnnnddijeen,200
fehhbdbmfjboomkmkflbaekjkhkklbnh,200
fkfcmeoepjhclglafbppmeidjjolcgid,200
gidaofklkglaecfmdpcobbmhibpacokc,200
jfpdnkkdgghlpdgldicfgnnnkhdfhocg,200
ojagfgibjiofppmilfbgmipfelkhcccn,404
dnefmfcaboiimmkibdjbnciggbfpeeco,200
jafbldpcpckejedolifalbafoificjcl,200
jnnfgjmkpfdbkibfgemojefdmjalnaal,200
meajfmicibjppdgbjfkpdikfjcflabpk,200
olimkhkpfcblemkmjbjoilccgipcphid,404
nmgcdijdlpiialofihefoenahjeajamj,404
ommbgnllpkjnidkcnginhlacffdcdijc,200
lplpcpijdokpnbjcklakgabohjgneidi,200
fedimamkpgiemhacbdhkkaihgofncola,200
hmlhkialjkaldndjnlcdfdphcgeadkkm,200
mlcdlmnipofbmhgjajfobpeeikdejibj,404
jliilhbdldnjbdbpajaakhpjpahnopbn,200
nidfkgegefehfpfedinekkeldjjijjpc,404
oeopbcgkkoapgobdbedcemjljbihmemj,200
hfpmbfgodkfcebpgheiedaddoikmljkk,200
iebboopaeangfpceklajfohhbpkkfiaa,200
ehecgbjlfigjeeapplnmliblgpkjaeme,200
odlmkpkghaionadbgabmfhdmbgonecba,200
chemohaemmfhjpmlgkmkanfpfbkaihop,404
bhmicilclplefnflapjmnngmkkkkpfad,200
nngceckbapebfimnlniiiahkandclblb,200
ndddjdifcfcddfdgedlcmfjamionaago,200
mdanidgdpmkimeiiojknlnekblgmpdll,200
jocgohpofmahhbaijdodlekmhklabcnl,200
kjeaoacjibceafoakancafkdiiamblli,200
kabncpcembkecekibfmamlbogjefdnae,200
ckfodmdjoieacjmchfpedcnooafmbfcd,404
lochiccbgeohimldjooaakjllnafhaid,200
cnkjkdjlofllcpbemipjbcpfnglbgieh,200
pbbajajamemnddiihogihhbmknlpjidn,404
lhlahflcjmaoeakbnnihillhaibknagb,200
bcbejbhbipdmfbljmmbjfdhaghcapkjd,404
ioekoebejdcmnlefjiknokhhafglcjdl,200
necpbmbhhdiplmfhmjicabdeighkndkn,200
hcepnndfbljmdlbklfpocopgafanngom,200
dajedkncpodkggklbegccjpmnglmnflm,200
gphhapmejobijbbhgpjhcjognlahblep,200
ehgkmaemheeocopibkndllbfmgmlkmpn,404
kaamahnpbpcehpkndkgbjfhnejgbjogp,200
gecgipfabdickgidpmbicneamekgbaej,200
daoidaoebhfcgccdpgjjcbdginkofmfe,404
gmbgaklkmjakoegficnlkhebmhkjfich,200
kmeimggcacadlbnpfccpndimcapidlcl,200
lcgmndephhjcabhhjfcmncnhbmgbkpij,200
kpmleklkkbobaonglkhkedkjofilkfjk,200
pbdpajcdgknpendpmecafmopknefafha,200
bplnpmhfglllkbnioejijgbahobmmocb,200
dofhlmfbamlcgbbejcegpkecmcikcnbn,200
dbnbppllfmokbfjeiikoinfkcbbnpejn,200
bppbpeijolfcampacpljolaegibfhjph,200
cocfojppfigjeefejbpfmedgjbpchcng,200
gkddaofiamhgfjmaccfcfpfolpgbeomj,200
mpcaainmfjjigeicjnlkdfajbioopjko,200
igfellpkdddmaldkbohekiikcmadbdnj,200
acgnimepjngofjhambgldeedbbagfimp,200
aejoelaoggembcahagimdiliamlcdmfm,200
pbneiecbhikjapoihjpemfmpaalkafkh,200
jcjbnkncddbeomhaacaeokhfnefibpde,200
nlpgdegnmkfpnfecaidmakahpoaaepoo,200
akficbifjllimdkphcppoecahpooaghb,404
pmeanafaenklkgpojgealphmljkdbfog,200
mobpckplhphcfdikfajajihmljhlmkod,200
gnhnlfnigjjkiphcnbnpedcpfoggjhba,200
albdndnfhplheblincbckmbphofjdani,200
okdjlliekoinnndjeeljfddnjpeilefg,200
hpaenhkodoiagphkfdhmbflfeogomado,200
dbpjfmehfpcgmlpfnfilcnhbckmecmca,200
knppibmejhhmkmfncipnicijcihjlmhb,200
nfbnajlkodkbdljddpmcpicfddnjehhe,200
hloblpeplfiajnfdengendhdnpmdgagn,200
ipfmelboaajmnjneochnojkfhcbhpdgf,200
ifjcjkfhgpnkekpgomoeefmnodebiaco,200
miploifkaagebhdlcdaaomgnenchiocf,200
phghfcdgjkejkpbakdmkjfoghlignkmp,200
mhpdbcnfpodnaefldpdohoibdajcfabp,200
gaffiikgdfkkhceobpfcgcpipgkbhhfd,200
fngpebhgogponllegfhmkcodpmpoddep,200
gfkmokjholoinfcnlolbjfaokmoegeoh,200
enmmbcfhecnpnnifkdkocjabgkjpcicl,200
aplfaeoniefnmacmfmjaagebpakghfen,200
afbpdhiclgghnffhkinjikglgmolhpee,200
hdnfenemdaacjjgcjeifpdefnmlcogel,200
hekhdfjankbhklfkjmnmnefcacndeoll,404
gdejljjjgegbbgoopclmcaabkjlbcmdm,404
gdkfcgceminipbgjnnimdkejmlaecebj,404
plnkfkpbgjpmgfjkpepkkdbiakiicfnn,404
emidddocikgklceeeifefomdnbkldhng,404
hmlmehpiikmcdamekkndkbkcefnfefai,404
lndhdhjbnbajdeegodopcmodiomhhicm,404
cbiapabbjlfcbfoedilflhnifandagoh,404
ojbaogcpfpkhbmjmefladpimcmfggkjl,404
jnbcgddihegpoeljfnbkjaigelfimecm,404
gpdjojdkbbmdfjfahjcgigfpmkopogic,200
agljkoinmcdnopnlbhhjibjiablccgoh,404
colcncggjiogifnfigpjfddieehbngcc,200
ookhnhpkphagefgdiemllfajmkdkcaim,200
adkfgdipgpojicddmeecncgapbomhjjl,404
kmfdcifchfmhgpmglolfgablnmeajcbd,200
gjemcodhbmopadgellhifcheadcdnbnj,200
hmlnkhebhniehfemfibiklnalehfgjjm,404
bhlhnicpbhignbdhedgjhgdocnmhomnp,200
fcjjgdnadfneaamhipplgpfkdnbfagla,404
kdegpmcndhhenlehkilbepaihkaefkom,200
fngmhnnpilhplaeedifhccceomclgfbg,200
hoboanjcaobnfchcnlgjhmnmogmnbipb,200
bclfhgbjfcekhpbakfobfdahiogiikpo,200
dplabnbcafdgpcjmibgkekpaejlfhnkl,200
icocmgpofpimcojhefbcfbdldkmndpgj,200
cohgcponedmbhgbbdinajeoapmoaifdj,404
oanofegliaibpfkffbpjniogdgmelija,404
lbkljdohljploojmnbhcajkbbpojfhne,404
opmibphegngmljhikklndacjdpkmhocp,200
jfbadlndcminbkfojhlimnkgaackjmdo,200
hjnlajomlcmjmgmkfpkefhjclnppinhg,404
chfdnecihphmhljaaejmgoiahnihplgn,200
ipkjmjaledkapilfdigkgfmpekpfnkih,200
khikjfodkmljkjceokgjanhabkiomlgp,200
oebfmkoibefainmjkfdnbgnlahkfnkol,404
ekejhicjklilhmfinaojlpfbabppemfh,404
heglpchjbjmchcmenfopoohbdibnnfap,404
pgbllmbdjgcalkoimdfcpknbjgnhjclg,200
jhcdlkgjiehgpnpolkbnmpffjodigbkb,200
nkmghlbiclohebhhoapdhcflibiibeak,200
adicaaffkmhgnfheifkjhopmambgfihl,200
fclcfchplhejohfofflhmhialgiomehi,200
jdcdafhjjjfnkoeilnjmnadadaoehgdc,200
aedincdnmklibidmafmgcbijgbgdjigh,200
adcbeekmdfljenpedkgkpckmbpbjinmc,404
pkclgpgponpjmpfokoepglboejdobkpl,404
nflbbjfpebejdkcodllhcpobineppjpb,404
jblimahfbhdcengjfbdpdngcfcghladf,200
hlhbmnfdcklajeaeikfinieljfegamko,200
fnlbpbkfmajpdjjefcmlflhcnnpdnokm,404
mkaakpdehdafacodkgkpghoibnmamcme,200
poeacjbaiakjnaepdjgggojcjoajakmd,404
flkmjdnckhfkjkldogocpnmljokfnbln,200
epaknpicfmoglpinnnjckaobafganajf,200
ccmmgijadofegbfojekdglknbeeminej,404
pafppnkimfmkcajfkhikbjpajpmlafgb,200
bmafeahhkdnddenebjaolignpgefhlkk,200
jjnjkolifmlkjdnnbjghoaiaiajmlded,200
ibmfjlooblljekheeocbbpjlgihajilb,200
almiakmbepejhcjnfhhjkcfabeepefno,200
geelfhphabnejjhdalkjhgipohgpdnoc,200
bhloflhklmhfpedakmangadcdofhnnoh,200
eenjdnjldapjajjofmldgmkjaienebbj,200
accocjfjchkecaeociiaaohdkbmfiaje,200
kmbaalodpmjjhpobkgljnelbpblnikkp,200
jiiinbkdippcknmpfihfmjboojofioel,200
faifbfmahgbmkjdokbhjjfbjnbdkmnbi,200
pmndioppkkmkpoeallchehdbgepmngef,200
hflefjhkfeiaignkclmphmokmmbhbhik,200
kllgokmjckclcjfecfobamhlacmnndkp,200
gjmohbdbnfkkjolmdfbhhdfjgjclomkd,200
icbhbegbnafpiiaomogcddhhjpijpikp,200
gnpkpmplmkcebdadgkeiccpfgldggnoo,404
adaibkfbghiebecgfclpgpkgkmigmbmn,404
hooaoionkjogngfhjjniefmenehnopag,404
agcgfaoekimffjnonlefoobgliljhkii,404
lljhpdalfpihmdokpgmobnbeibbkignc,404
gfjopfpjmkcfgjpogepmdjmcnihfpokn,200
mcbpblocgmgfnpjjppndjkmgjaogfceg,200
hipncndjamdcmphkgngojegjblibadbe,200
nbkekaeindpfpcoldfckljplboolgkfm,404
aiimdkdngfcipjohbjenkahhlhccpdbc,404
ibmdbhboiekjjoadjahpnmmcgdmabbdf,200
kpdjmbiefanbdgnkcikhllpmjnnllbbc,200
mcebgdgbcbdkgdljffnkkbekldnidbmn,200
poegfpiagjgnenagjphgdklmgcpjaofi,200
fmbgmlhpadiloggofeliagghggmopgbk,200
hgagjefipjphoggnobcenpnjjimejcme,404
fabpalkcolimnljkcaelpbpgelglnncp,404
cgdfmengmgdaihicbjaoldpbcjhhdekg,200
bmimdmkleccdoghpgdhaahkelfhjfhgm,200
eeojlpepoljdpaoiplnlhcfkoigijimc,200
cacfnookefkldifaigjdedpophfjkjeh,200
afgfnlmaghalebgcegfiapebifghbaac,200
pchkbnbmppmoiddgnlebbheogmofhogc,200
ajhmfdgkijocedmfjonnpjfojldioehi,200
dodbiejclklmaclaoennjcmfblhjnjoi,404
pgeolalilifpodheeocdmbhehgnkkbak,404
ajpfgljldffcnbjenpnkcbkkkcflkpbo,200
ihbiedpeaicgipncdnnkikeehnjiddck,200
okdciiclpnemhlaebkhnbinneenfkbgn,404
hfdhcojdoheiainlfibdbdbkihhiahnf,404
oldceeleldhonbafppcapldpdifcinji,200
bgcdacdioomgoppcnhomioaleiegfkgj,200
eaabbbedehhbogefnfdakijemlefkkeh,200
njajpefejmjnhcddhaleakkcehiilppa,200
innflepfdbcnhiiemhckbneipmmnknhp,404
oefdcdmhklplgdmendjfnjeiijgcmabi,404
iehdddmijbgofffjjmhkodckmnombhmf,200
oofgbpoabipfcfjapgnbbjjaenockbdp,200
fhplmmllnpjjlncfjpbbpjadoeijkogc,200
fjhedcdiaeighcnidfhegnmfieiejmdj,200
pjlehkkkhgkhppigkogajhmgoldbihej,200
npoipmeppdioagbkigdlnpmjphnolaog,200
nolfchbaajenmoghacolnbilmdfjeabi,200
biojnaikodbeknbdfdchnndkeoafkbnh,200
gkljgfmjocfalijkgoogmfffkhmkbgol,404
bbplhdcnpcenkdciibplnkgmiffjfnni,200
gdmmodjlfegeieihcdcgcalkgmhgmiae,200
dpmmngoajnhfhalbmdkglnekmkkijjap,200
gbkeegbaiigmenfmjfclcdgdpimamgkj,200
nbhibnjbbdkflfklbdpgbifkhcielgcm,200
iljnkagajgfdmfnnidjijobijlfjfgnb,200
eehpibjfkijipalplliffcgkhhmecjgi,200
ddfgmkcedkmbgppkneoedidgnhfmbloc,200
kpniicpnanbaopgkcagaphglbeaejnph,200
okkdgfeamoknpibeephnafibjcnpklpk,200
lbofgfgfgdkllfnfmipceliihehcmbmd,200
nfjbkpkmnjkbabikjacbaobecbacmadh,200
dphfngjamcomlehblpblaacingmaojnm,200
menkifleemblimdogmoihpfopnplikde,200
gfoabcdjalmeenbjjngidappmppchblc,404
hbmobhkkblcgdifigjglcjneplefbkmh,404
mokbchipfpaaoioeljkgpojddoecnbce,404
hcglmfcclpfgljeaiahehebeoaiicbko,200
nffchahhjecejoiigmnhhicpoabngedk,200
abnmfkajnkgclandhnddbnielgkpgdnj,404
njgffeekachnnbkdigfckhifafbhacpl,200
cgdjpilhipecahhcilnafpblkieebhea,200
bljedgphnonehknegdpfkmkbbidkdmpk,200
lmeddoobegbaiopohmpmmobpnpjifpii,200
gipjmkadfmnholahnobfgeboogdneacm,200
ckdppamipimjhngbdpbjhcicojegemjg,200
onlgmecjpnejhfeofkgbfgnmdlipdejb,404
ahggffalhoajbhlaogbplamaaghnncle,404
endioigfhooioekhpnbnmejhbdopoocf,404
beabmonehefpdppkjncgjjkjplkpmcpa,404
aeifanonhefcaphaeeknpklkfnjjmpec,200
jdchacgnadhdflhhlinfkhiihfbakidj,200
hgecghmkcdefnknohcimkoemhaofpoha,200
mcafejemebbngbglfoinpoaannbihjna,200
gncebhdkjgopkmaklokjadihihfakeoi,404
ncliohomlfopnmlfkepkcbnhmeijkhhf,404
liglcienpnkhdajdfmnpbgmpjglonipe,200
ehcibdjmpjlekgjhepbfmenfppliikcj,200
bcnaaihghaajbomnkbgfllblicpeiakn,404
mdnphgdednjnpcoeamekbogoblkdajep,200
fleibihegckahepigolfaibhaaokdgjg,200
dokcepkiahcpognlgpeeiompfhcleagb,200
ojhcopaaicojnaejmcoanddoeekodemk,404
ickaeddjnhfofihhibhnjemlphjmnchl,404
ahmpjcflkgiildlgicmcieglgoilbfdp,200
gfokpdblfkeafgichafhpecgaffdpflj,200
gheikhdfflhlbemfmhcfpeblehemeklp,200
mgmhnaapafpejpkhdhijgkljhpcpecpj,200
odajpnpfllkmbnpnmikdioecopopcene,200
hncknjnnbahamgpjoafdebabmoamcnni,200
jkmnfhflkgcekodgohnkcmecndbghigp,200
fdihojladinedfjbbembdllcoifcomop,404
akjbfncbadcmnkopckegnmjgihagponf,404
hjmlckmhkbomelnpnibijeehekiokbje,200
ggfoohjoomchamdddjfallmfpmipdebd,404
jjdpdpackpoaaccjmnkmgloibjgpklmm,200
fbpmaadfebbedknhmeeijeicldjlegee,200
aegnopegbbhjeeiganiajffnalhlkkjb,200
eocembdiaelakgjoheclffagagbgpejg,200
maicibfoihmlppibfkljeljefamfndbp,200
oedchmedadeenjgahnmeaoejckoilajc,404
iiikanmnkgnffgooldnibpeeclcmnfoc,200
bhghoamapcdpbohphigoooaddinpkbai,200
ajhcojfoafcmhlgoogceejdmfobpehlf,200
bkkbcggnhapdmkeljlodobbkopceiche,200
gbiekjoijknlhijdjbaadobpkdhmoebb,200
ahifcnpnjgbadkjdhagpfjfkmlapfoel,200
hnbpdiengicdefcjecjbnjnoifekhgdo,200
imclcpbkigabhclgmlfdlacgblkinagd,404
kmaoahaepmkmdhaohjjakbkeeelpbenb,404
cedbddnnmhgnedpamoenmdkhnpnfbpjb,200
ohgakgekjgecokngbbipojokipokkjho,200
bfdnmdilifalnjdncinebggddmpepoak,200
cnbhdbbdefaakpmjbpibaadnhafincnd,200
edhgladdnpioepdehnalhigdnjddihag,200
mjnbclmflcpookeapghfhapeffmpodij,200
nbilfciinkpdhdckmnchbepfcoechdlg,200
fidhbfaijnfedihojfkdnpbhlaanpien,200
pjjjfjlgiolfgipogifgfklofcndjgif,200
ikabcbnlncbdnnbchbgakcacpclmeefh,200
mifknpolahckgmlllaaegbgbgfbobjog,200
capmpnebnckdpjbjdcgnokjafpdbmadn,200
kjkeafndpmnfnoddkndodjgnmjkhgdei,200
ekphhepkdapeicfkeidomnekpjcinmpg,200
kcmmmjjfnehcoglgiddaebjngdbgpiih,200
johgnfnjkmlbcgjkddajgcjnaiflidad,200
blpebaehgfgkcmmjjknibibbjacnplim,404
mlonhgnjdlnjgalpdigmbpfpielpadmc,200
ifjbgjmaflfjiffgalgflmnhibhgbbeo,200
pealenjhjmckochlkkknpchldljinjod,200
jihhddhphpklnhgkhijekceblbnhdmpe,200
pnmfoflkponadcpnfglkolggnmfocili,404
jljopmgdobloagejpohpldgkiellmfnc,200
eeklfoaomogijpmboabgkmjgomaojmid,200
eapcchbegpkapiickcoebaleljmbhgcm,200
lgbpbhpbippoidhpenahagfnmdkpkbmo,200
ainfcnbaendflhcngeajchpabooflble,200
nfpiliocogpkafhinhfodjlgfjhhjlhf,200
acffocjoafjbncgcmoephiffghmjlfdi,404
pnafpgbiiobelphegdbieldnmojicndb,200
jcmohaalnhanddpjgmldagfmabmalhbc,200
jejabpcingdoonkmimdgkgcagppkbmln,200
niehmfhiddhicdbbchnobaagcpgimneo,200
cabpjbpfakfhcfidnjahmdophhihafkh,404
kffmoglgaljfcfaadaknkiipcclifcbn,200
ajlibigiakbameokhpdedomphpgfffmm,200
lagckjdgadpknikjoegcibbollkafpid,200
ccgdmikddjmaafgnpjlmhbjgifjphlnf,200
mfgnikdghmghjlcaofelbcmbgplkojkd,200
eogmadihniohlnmipdhchaoagjhfnohc,200
jbcgphppffkahpoiobhfdjfpbapbjblh,200
phladmjggbdnnghggjfhlmlfikfjbjff,200
paicmkpdgdggnkbobnmmdghbkbfjacje,200
khmkobbejnolddfcjhhleemiblgfmnij,200
eopfmbpfhhfnklgmjpoehcjaajhpbhbl,404
ibnahnkejjomojpjpfchhhfmblbpooca,200
dkiahcckehgdocgonfdickeagmoembpe,404
hhnbbpmdfnmhjheconemfnnecapidkjf,404
imjgfcbaiaihhlkcgiiopjbkjecoblgo,200
ncbaibghpjjiknominpiidploceaiagg,200
dgiaakoacgajiilcokobnclffdikmepe,200
djoifiholmpdceikfaajckcjepbjolof,200
kgneglijnbgakfcdekagbgmpjaheelgd,200
ieompigpglbmogfgplihanjjhbpdopoj,200
eljmkmbmhmgmpmmbkagbobpmpocacdbo,200
bmfmccmloeoabkbgidmhjpdonhbnjfjh,200
mhagnkphcmpkmabhocgimoncfaihkpof,200
bapbjklmkgooadppffpcfbfjpmidlanj,404
mggbiiegcabgmfokgknkaajapkfmomol,200
heagkhocbbgfanpmhakmbffiiolbhfcf,200
nikbigdijbhkkdncjbckafldpjifnfgk,200
jholdmdaddpcjaihhcgmjlomigoppfmn,200
ailkdhmigjiaaddokeppodhahdnjneic,200
hhkdepceckdgeompmjjnbecidjboapcg,200
mabcpjfkciefmefgkfneaogfmbljljif,200
omdakjcmkglenbhjadbccaookpfjihpa,200
ncmnhiijmdhplkmkpejmmbpjiojchefe,200
bcopgabdbdohekgeabpbfhledmdahkpe,200
lndokegkpdlafochibjpgjglkcamdpip,200
dbmkibokicddahoklkcjnjmlhgomfjpa,200
fanogbnclpilemkifpjeglokomebpnef,404
ngbcgifdaopbfflfhbcfeomijfbbcadi,404
mfembjnmeainjncdflaoclcjadfhpoim,200
onjefhfjfboidfdggfoagbbpmlkkinib,404
gjihnjejboipjmadkpmknccijhibnpfe,404
cmgnmcnlncejehjlnhaglpnoolgbflbd,404
jdpmhkeflkjclpjlenlpedekbolcnjmp,200
meanopgdfcfpnlfokfmbpjkfhamceejl,404
bfhgfkeegdkhaghijaklnooemnbbhiek,200
hniladkejehjfchadikcbjmgjaogciic,200
iolcbmjhmpdheggkocibajddahbeiglb,200
leinchdcolnndanmipbljbigmlopphga,404
hnnglinenccifabaghmlckhplcpdngkn,404
fddingdfkdlcahfmaljcphhikipbgjii,404
dmpojjilddefgnhiicjcmhbkjgbbclob,200
komdkpclammhchphjolfkihjolohjmjj,200
aopfgjfeiimeioiajeknfidlljpoebgc,200
pedcbddelfdfkhahlaganpjkfpdfmjfc,200
onofpnbbkehpmmoabgpcpmigafmmnjhl,200
jkjdfchjlhkgnfjblhclgaliiccalckf,200
hdbficmlhpfgickmfbodekdkakgbakfp,404
gmjdflobmjpeohnoefalpjeocgpdeffo,404
llaficoajjainaijghjlofdfmbjpebpa,200
acjpdakpjonkfmggcmanlhdakfkhloii,404
nbpehffdkdclgddhmkmhoapgdkdpgdfj,404
khpghccnhckjnfkchicealmchgilloka,404
ofcgiflmicieegobmapobiohjeokdbcd,404
kmdldgcmokdpmacblnehppgkjphcbpnn,404
pbceidccjjaggpidjkodknlbohjpgifk,200
ppgadljdflpomdcdacknofppeejgmjdn,404
koiaokdomkpjdgniimnkhgbilbjgpeak,404
mdeikaecinihinakdihabbbihboiehhg,200
hdhkemhaommecijlogcmoeaogjjpkihm,200
dhgeonejdlgaliflmigncobboemnfhkf,200
celnaknmndcdcjcagffhbhciignkeokb,404
aoanickgmocpddnppajakfcafbkncdab,200
fpmaepaboafhefdejcbiciklgjogoghf,404
adnlfjpnmidfimlkaohpidplnoimahfh,404
ljlbjphabegiojnpabajpkklkafcphgm,200
ghonobjagekcnpkhcpjekbbejnjdlomg,200
iaddkdiibkddhdbcmmplkhcpgeinggfo,200
bobcbpmnokocfmopgmebfgaalanmkpge,200
hhbihcbghmmegbffkljgcdeohdmbdefa,200
aaaaadgepjkdffhjbkfjgnnffnfcffbg,200
hfdjhcknamdjafjlbhclfkfphbncdlbm,404
djkengpifcpcmddmpkpgfbggldljkkfl,404
jddfpnmfhodaljeelokfceepbeapgbdn,404
dlklinjgampohhihndkofhhaahoicoip,404
lbhghjdcfghfhlogkgdklfgmpodeglno,200
mjpieolhcmajmolkhbbeljknkcdcmffk,200
knlgfedckdhkgjinnhogmhkbcjpmmhko,200
ooidlchfdlimcgilcmpckfjleogaobka,200
cedihplmdadkgmhdlblolekfbpghnppa,404
oafdgpdaojfjhcolidaakebmnbibdbpb,200
fcchphnglbhciiljdhlplemebhohpmif,200
lgfehfbnofiffladdncogfobimealokp,200
pllnjmfgdlppiiijjjelekobanhidoke,404
mabloidgodmbnmnhoenmhlcjkfelomgp,200
kjehgfjdlamgemlkljpklaiiamnbeemk,200
ejbdobdndcjhdmljipngpeoekdinlohe,404
nmgcfemagnogdodbambjhdcmfcpicngl,404
kijcidehmghliocaelamimgiaiogcjal,404
cchafghmclcddhckkbbfeamipjbciaki,200
aoeapomnofcbnaoahibkibpcihkgdomm,200
bjncbicjlagblpdehfbbbcfpagnignfn,404
cennabljmaclhapfpiogalkcicdhcmlo,404
ohfgljdgelakfkefopgklcohadegdpjf,200
mcfgopgpdlpcphkcijidlencdankpgbc,200
emfinbmielocnlhgmfkkmkngdoccbadn,200
hlgjjjociconbkooaggfmjhalogadcee,200
dmmncpgjaaloalbpijeaphmmpmdpcjkf,404
mfaihdlpglflfgpfjcifdjdjcckigekc,404
ocnpckcbcdmomapidkjglhabchfoogkp,404
beapnbfmjmjhhfpaoajfhjbbfnnlfpnc,404
hmobfennjmjnkdbklhcnnfbhfibedgkk,404
djaoeafihpfaakkpdobmhedohgnmhpbp,404
jfmhmcdjmeoihgkcnjgjopofgeadjhnf,200
annifpekdhjmpenkdegphaikldoammdl,404
mkfokfffehpeedafpekjeddnmnjhmcmk,404
dfgdbdidhgngmmgnnpabbjpcbambegna,404
ldibmiofagdkgiphkcokpooepankmacl,200
efcdeldmbdedbimoojfmlmiifkpfjcba,200
iabmpiboiopbgfabjmgeedhcmjenhbla,200
jjkofiknkjdjgkkbfdibgajealfbjhdj,200
edoadhjjfgeniilpmnoaddaihjkkhheb,200
cibiggmomlagpmfeoohfeogifanfjkma,200
bhgflmpdkbchjkehdpalchfpdlkhpklm,404
fhegfkilnalianaljabhefabkphbehcf,200
jhkjlcdbbfapccjpchniflcgckhdoefn,200
ecnphlgnajanjnkcmbpancdjoidceilk,200
lgbjcbmkcjlhdffaabpfmbjpmpooihkm,200
ikgjglmlehllifdekcggaapkaplbdpje,200
dcfofgiombegngbaofkeebiipcdgpnga,200
plkehfjjplbohfmcklpllagnebkdibpl,200
cjblildckkcihifngocplgechfedighf,200
hejilffmihldhlfocnabcgndjjpgadfl,404
cfojbadjlaaiddllnogeohfgamgedcfd,200
eodejnpnekkneapkicljnillpeodnlak,404
epadnjldocmkadjbopkanclaamocokoo,404
illbbfoihflomkbpcaaakhijinbnejom,200
dephgcipcihonaedenndchaockmkjmoi,200
flliilndjeohchalpbbcdekjklbdgfkk,200
abdhlhefececlgjagpcefcmncehmgalc,404
bidmloagildlhkkiabgfdhpgkmhmgjho,200
fiefegoncbfdemobfpaldfapbfiinmeo,200
elioihkkcdgakfbahdoddophfngopipi,200
fgdgokchhicmaiacmgegjnppjkgogdhm,200
cjbjepchlgclmpinlbbeinajphohgfod,404
ekiijecongnkbcikpkkoalboflbhoiap,404
kaffapdbfbdmbocjeckgfmnmldabggbc,200
oafcfcppcmhonimoakejdifidkjcaaok,200
cneebinendanaoebjdonnkeldkhofgig,200
clljlcapeomdokpgadmegpabakieebci,404
pdkimnjejgchcbcapfjpdaaiigdkocmh,200
nbeldjopgciegccabfohnefghfpinncn,200
ghcboljebpicnplbkaahighhpoaocodi,404
edngphahhakgjbmbddgmgmndjlmicnhj,404
ebdchcammeadfnhnccpobkhleialcdea,404
caniggbnaepdffiapnnidgnldelgkodk,404
pdbeigndclhfeedooennfhbjjaglheeh,404
flhlbccdchdbepldajjmfdbcpimjjdca,200
jaepefimknnpjlpcjgbcolebhfcibfhj,200
degpmnmggookmioibafbehcmfobhinpe,200
ialhabegcjomakbpehoednenehmonloa,200
ohmkcnojelglgphmkgmofjlmpoelccjh,200
fahmaaghhglfmonjliepjlchgpgfmobi,200
bnbaboaihhkjoaolfnfoablhllahjnee,200
ghagedffjalchgcgdgfindabkpnmalel,200
gealeehfjeflamgnohlhabaefbfjfjgc,200
ifipmflagepipjokmbdecpmjbibjnakm,200
phpaiffimemgakmakpcehgbophkbllkf,200
afkpfjljjhhonjehpkmgonimjjgaheap,200
mhobbbccfdlpigiikcnobledcncomamb,404
ibfamoapbmmmlknoopmmfofgladlinic,200
abjcfabbhafbcdfjoecdgepllmpfceif,200
mgijmajocgfcbeboacabfgobmjgjcoja,200
bjmimocndihpmdoelbiilpkkfkppikap,200
ophjlpahpchlmihnnnihgmmeilfjmjjc,200
ookepigabmicjpgfnmncjiplegcacdbm,200
ifalmiidchkjjmkkbkoaibpmoeichmki,200
ikjmfindklfaonkodbnidahohdfbdhkn,200
gidgenkbbabolejbgbpnhbimgjbffefm,200
nkhkaamdeplibnmodcgodlkghphdbahk,404
jembpnanfpbdeklibcogaafjoelommfm,200
jmcboihmjppclodnhjfgiincejlojejf,404
fbimffnjoeobhjhochngikepgfejjmgj,200
bpconcjcammlapcogcnnelfmaeghhagj,200
bhepgcoaibmmehlmckhlmbdgcemhidcg,200
aoamonmemkdjlkahlbiplicpgbnihlpe,404
piojkjkndneggfaibepkmabjnkjlhlmk,200
blndkmebkmenignoajhoemebccmmfjib,404
lodhggoaglindpoejnjldimdlikkphph,200
gkclphmapdcppbmekmbkcjfanpmoidpg,200
ocggccaacacpienfcgmgcihoombokbbj,200
ggjbcgpgliainmfbahebcoknhdnhobeb,200
dhbnmijfkiipkdgghbgieoigmcnegall,404
ipihgjdhjoldhpfpmiiimpnmohpfhkcm,200
oebpmncolmhiapingjaagmapififiakb,200
elcklcgejmjagifdibdagmbkeecickem,200
bhgloggoiejchnobifdenkbngmdncege,404
ajjnbanpedpjbfcpaopcloaaknffnjfp,200
bmkbdbbnapnlibgaalpiglnciechhkok,404
jggmfapkmkfkhkbffdnggopajcecfdhj,404
jgmhgehdjeddhacdcdmbfmphfgfpdfne,404
pfmgfdlgomnbgkofeojodiodmgpgmkac,404
ocifcklkibdehekfnmflempfgjhbedch,404
keodbianoliadkoelloecbhllnpiocoi,200
eelphgpfmjhndihoopgadghfonahifel,200
nbcojefnccbanplpoffopkoepjmhgdgh,200
pkpifnggkgjkiblinjghkaoggafjiodf,200
gojamcfopckidlocpkbelmpjcgmbgjcl,404
kkghjbajgkcialbbimbifdcjilhcgoim,200
mlalmgcpkbkmallcicmnjidjjjmfehak,200
kncgbdglledmjmpnikebkagnchfdehbm,200
khoppfeapecnfbjkbibiljlffnhlpndk,200
lghjfnfolmcikomdjmoiemllfnlmmoko,200
gljjiokipgajokbgfmoekcdmfceoijjh,200
olbibkmadhkeimkcppadadflfdmekdig,200
oiaahapngnjijjgplpikimpaepddnfae,200
dhogabmliblgpadclikpkjfnnipeebjm,200
bjcecebcggckdeoilmggmncdgmkhgmcb,200
emilpohamjafokgdhoggckjldbpkbhlh,200
eocnnoackodjagdbaoddhjbkpjabimed,200
hnpfjngllnobngcgfapefoaidbinmjnm,404
fceoliabmicinihipabmiogdidcgmnpp,200
coibnogmjcpbccgjofoiklnfpbbjbapo,200
ojplmecpdpgccookcobabopnaifgidhf,200
ncfpggehkhmjpdjpefomjchjafhmbnai,200
gaonpiemcjiihedemhopdoefaohcjoch,200
pmkffmgahaepmhkhkblhopnpleeikokc,200
ohgkmilcibaoempgifldidkidnbkbeii,200
cagcekkeimjffogiilghgomfeghmdcfl,404
